AxB,387,395,398,400,402,439,464,465,466,467,468,469,470,471,472,473,474,475,476,477,478,479,480,481,482,483,484,486,487,488,489,490,491,492,493,494,495,497,498,500,501,502,503,504,505,506,507,509,510,511,512,514,515,578,579,580,581,584,585
387,   ,   ,   ,   ,   ,   ,   ,   ,   ,   ,   ,   ,   ,   ,   ,   ,   ,   ,   ,   ,   ,   ,   ,   ,   ,   ,   ,   ,   ,   ,   ,   ,   ,   ,   ,78,   ,   ,   ,   ,72,72,72,72,72,72,72,72,   ,   ,   ,   ,   ,   ,   ,   ,   ,   ,   
395,   ,   ,   ,   ,   ,   ,   ,   ,   ,   ,   ,   ,   ,   ,   ,   ,   ,   ,   ,   ,   ,   ,   ,   ,   ,   ,   ,   ,   ,   ,   ,   ,   ,   ,   ,   ,   ,   ,   ,   ,   ,   ,   ,   ,   ,   ,   ,   ,   ,   ,   ,   ,   ,   ,   ,   ,   ,   ,   
398,   ,   ,   ,   ,   ,   ,   ,   ,   ,   ,   ,   ,   ,   ,   ,   ,   ,   ,   ,   ,   ,   ,   ,   ,   ,   ,   ,   ,   ,   ,   ,   ,   ,   ,   ,   ,   ,   ,   ,   ,   ,   ,   ,   ,   ,   ,   ,   ,   ,   ,   ,   ,   ,   ,   ,   ,   ,   ,   
400,   ,   ,   ,   ,   ,   ,   ,   ,   ,   ,   ,   ,   ,   ,   ,   ,   ,   ,   ,   ,   ,   ,   ,   ,   ,   ,   ,   ,   ,   ,   ,   ,   ,   ,   ,   ,   ,   ,   ,   ,   ,   ,   ,   ,   ,   ,   ,   ,   ,   ,   ,92,92,78,78,78,78,   ,   
402,   ,   ,   ,120,   ,   ,   ,   ,   ,   ,   ,   ,   ,   ,   ,   ,   ,   ,   ,   ,   ,   ,   ,   ,   ,   ,   ,   ,   ,   ,   ,   ,   ,   ,   ,   ,   ,   ,   ,   ,   ,   ,   ,   ,   ,   ,   ,   ,   ,   ,   ,92,92,78,78,78,78,   ,   
439,103,74,74,104,104,   ,   ,   ,   ,   ,   ,   ,   ,   ,   ,   ,   ,   ,   ,   ,   ,   ,   ,   ,   ,   ,   ,104,104,74,74,   ,   ,   ,97,111,76,76,76,76,98,98,98,98,98,98,98,98,   ,   ,   ,   ,   ,   ,   ,   ,   ,72,72
464,   ,   ,   ,104,104,   ,   ,351,351,351,351,351,351,351,351,337,337,337,337,337,337,337,337,337,337,337,337,115,115,   ,   ,   ,108,121,   ,   ,126,126,126,126,   ,   ,   ,   ,   ,   ,   ,   ,80,80,   ,339,339,   ,   ,   ,   ,   ,   
465,   ,   ,   ,104,104,   ,   ,   ,351,351,351,351,351,351,351,337,337,337,337,337,337,337,337,337,337,337,337,115,115,   ,   ,   ,108,121,   ,   ,126,126,126,126,   ,   ,   ,   ,   ,   ,   ,   ,80,80,   ,339,339,   ,   ,   ,   ,   ,   
466,   ,   ,   ,104,104,   ,   ,   ,   ,340,345,348,351,351,351,337,337,337,337,337,337,337,337,337,337,337,337,115,115,   ,   ,   ,108,121,   ,   ,126,126,126,126,   ,   ,   ,   ,   ,   ,   ,   ,80,80,   ,339,339,   ,   ,   ,   ,   ,   
467,   ,   ,   ,104,104,   ,   ,   ,   ,   ,87,140,246,351,351,337,337,337,337,337,337,337,337,337,337,337,337,115,115,   ,   ,   ,108,121,   ,   ,126,126,126,126,   ,   ,   ,   ,   ,   ,   ,   ,80,80,   ,339,339,   ,   ,   ,   ,   ,   
468,   ,   ,   ,104,104,   ,   ,   ,   ,   ,   ,98,227,351,351,337,337,337,337,337,337,337,337,337,337,337,337,115,115,   ,   ,   ,108,121,   ,   ,126,126,126,126,   ,   ,   ,   ,   ,   ,   ,   ,80,80,   ,339,339,   ,   ,   ,   ,   ,   
469,   ,   ,   ,104,104,   ,   ,   ,   ,   ,   ,   ,195,351,351,337,337,337,337,337,337,337,337,337,337,337,337,115,115,   ,   ,   ,108,121,   ,   ,126,126,126,126,   ,   ,   ,   ,   ,   ,   ,   ,80,80,   ,339,339,   ,   ,   ,   ,   ,   
470,   ,   ,   ,104,104,   ,   ,   ,   ,   ,   ,   ,   ,351,351,337,337,337,337,337,337,337,337,337,337,337,337,115,115,   ,   ,   ,108,121,   ,   ,126,126,126,126,   ,   ,   ,   ,   ,   ,   ,   ,80,80,   ,339,339,   ,   ,   ,   ,   ,   
471,   ,   ,   ,104,104,   ,   ,   ,   ,   ,   ,   ,   ,   ,351,337,337,337,337,337,337,337,337,337,337,337,337,115,115,   ,   ,   ,108,121,   ,   ,126,126,126,126,   ,   ,   ,   ,   ,   ,   ,   ,80,80,   ,339,339,   ,   ,   ,   ,   ,   
472,   ,   ,   ,104,104,   ,   ,   ,   ,   ,   ,   ,   ,   ,   ,337,337,337,337,337,337,337,337,337,337,337,337,115,115,   ,   ,   ,108,121,   ,   ,126,126,126,126,   ,   ,   ,   ,   ,   ,   ,   ,80,80,   ,339,339,   ,   ,   ,   ,   ,   
473,   ,   ,   ,103,103,   ,   ,   ,   ,   ,   ,   ,   ,   ,   ,   ,337,337,337,337,337,337,337,337,337,337,337,112,112,   ,   ,   ,105,118,   ,   ,123,123,123,123,   ,   ,   ,   ,   ,   ,   ,   ,73,73,   ,325,325,   ,   ,   ,   ,   ,   
474,   ,   ,   ,103,103,   ,   ,   ,   ,   ,   ,   ,   ,   ,   ,   ,   ,337,337,337,337,337,337,337,337,337,337,112,112,   ,   ,   ,105,118,   ,   ,123,123,123,123,   ,   ,   ,   ,   ,   ,   ,   ,73,73,   ,325,325,   ,   ,   ,   ,   ,   
475,   ,   ,   ,103,103,   ,   ,   ,   ,   ,   ,   ,   ,   ,   ,   ,   ,   ,324,330,335,337,337,337,337,337,337,112,112,   ,   ,   ,105,118,   ,   ,123,123,123,123,   ,   ,   ,   ,   ,   ,   ,   ,73,73,   ,325,325,   ,   ,   ,   ,   ,   
476,   ,   ,   ,103,103,   ,   ,   ,   ,   ,   ,   ,   ,   ,   ,   ,   ,   ,   ,186,228,267,337,337,337,337,337,112,112,   ,   ,   ,105,118,   ,   ,123,123,123,123,   ,   ,   ,   ,   ,   ,   ,   ,73,73,   ,325,325,   ,   ,   ,   ,   ,   
477,   ,   ,   ,103,103,   ,   ,   ,   ,   ,   ,   ,   ,   ,   ,   ,   ,   ,   ,   ,163,222,337,337,337,337,337,112,112,   ,   ,   ,105,118,   ,   ,123,123,123,123,   ,   ,   ,   ,   ,   ,   ,   ,73,73,   ,325,325,   ,   ,   ,   ,   ,   
478,   ,   ,   ,103,103,   ,   ,   ,   ,   ,   ,   ,   ,   ,   ,   ,   ,   ,   ,   ,   ,186,337,337,337,337,337,112,112,   ,   ,   ,105,118,   ,   ,123,123,123,123,   ,   ,   ,   ,   ,   ,   ,   ,73,73,   ,325,325,   ,   ,   ,   ,   ,   
479,   ,   ,   ,103,103,   ,   ,   ,   ,   ,   ,   ,   ,   ,   ,   ,   ,   ,   ,   ,   ,   ,337,337,337,337,337,112,112,   ,   ,   ,105,118,   ,   ,123,123,123,123,   ,   ,   ,   ,   ,   ,   ,   ,73,73,   ,325,325,   ,   ,   ,   ,   ,   
480,   ,   ,   ,103,103,   ,   ,   ,   ,   ,   ,   ,   ,   ,   ,   ,   ,   ,   ,   ,   ,   ,   ,337,337,337,337,112,112,   ,   ,   ,105,118,   ,   ,123,123,123,123,   ,   ,   ,   ,   ,   ,   ,   ,73,73,   ,325,325,   ,   ,   ,   ,   ,   
481,   ,   ,   ,103,103,   ,   ,   ,   ,   ,   ,   ,   ,   ,   ,   ,   ,   ,   ,   ,   ,   ,   ,   ,337,337,337,112,112,   ,   ,   ,105,118,   ,   ,123,123,123,123,   ,   ,   ,   ,   ,   ,   ,   ,73,73,   ,325,325,   ,   ,   ,   ,   ,   
482,   ,   ,   ,103,103,   ,   ,   ,   ,   ,   ,   ,   ,   ,   ,   ,   ,   ,   ,   ,   ,   ,   ,   ,   ,337,337,112,112,   ,   ,   ,105,118,   ,   ,123,123,123,123,   ,   ,   ,   ,   ,   ,   ,   ,73,73,   ,325,325,   ,   ,   ,   ,   ,   
483,   ,   ,   ,103,103,   ,   ,   ,   ,   ,   ,   ,   ,   ,   ,   ,   ,   ,   ,   ,   ,   ,   ,   ,   ,   ,268,112,112,   ,   ,   ,105,118,   ,   ,123,123,123,123,   ,   ,   ,   ,   ,   ,   ,   ,73,73,   ,325,325,   ,   ,   ,   ,   ,   
484,   ,   ,   ,103,103,   ,   ,   ,   ,   ,   ,   ,   ,   ,   ,   ,   ,   ,   ,   ,   ,   ,   ,   ,   ,   ,   ,112,112,   ,   ,   ,105,118,   ,   ,123,123,123,123,   ,   ,   ,   ,   ,   ,   ,   ,73,73,   ,325,325,   ,   ,   ,   ,   ,   
486,   ,74,74,229,229,   ,   ,   ,   ,   ,   ,   ,   ,   ,   ,   ,   ,   ,   ,   ,   ,   ,   ,   ,   ,   ,   ,   ,77,   ,   ,   ,   ,   ,   ,   ,   ,   ,   ,   ,   ,   ,   ,   ,   ,   ,   ,   ,   ,   ,   ,103,103,78,78,78,78,   ,   
487,   ,74,74,229,229,   ,   ,   ,   ,   ,   ,   ,   ,   ,   ,   ,   ,   ,   ,   ,   ,   ,   ,   ,   ,   ,   ,102,   ,   ,   ,   ,   ,   ,   ,   ,   ,   ,   ,   ,   ,   ,   ,   ,   ,   ,   ,   ,   ,   ,   ,103,103,78,78,78,78,   ,   
488,   ,74,74,74,74,   ,   ,   ,   ,   ,   ,   ,   ,   ,   ,   ,   ,   ,   ,   ,   ,   ,   ,   ,   ,   ,   ,   ,   ,   ,   ,   ,   ,   ,   ,   ,   ,   ,   ,   ,   ,   ,   ,   ,   ,   ,   ,   ,   ,   ,   ,   ,   ,   ,   ,   ,   ,   ,   
489,   ,74,74,74,74,   ,   ,   ,   ,   ,   ,   ,   ,   ,   ,   ,   ,   ,   ,   ,   ,   ,   ,   ,   ,   ,   ,   ,   ,   ,   ,   ,   ,   ,   ,   ,   ,   ,   ,   ,   ,   ,   ,   ,   ,   ,   ,   ,   ,   ,   ,   ,   ,   ,   ,   ,   ,   ,   
490,   ,   ,   ,   ,   ,   ,   ,   ,   ,   ,   ,   ,   ,   ,   ,   ,   ,   ,   ,   ,   ,   ,   ,   ,   ,   ,   ,   ,   ,   ,   ,   ,   ,   ,   ,   ,   ,   ,   ,   ,   ,   ,   ,   ,   ,   ,   ,   ,83,83,83,   ,   ,   ,   ,   ,   ,   ,   
491,   ,   ,   ,   ,   ,   ,   ,   ,   ,   ,   ,   ,   ,   ,   ,   ,   ,   ,   ,   ,   ,   ,   ,   ,   ,   ,   ,   ,   ,   ,   ,   ,   ,173,   ,   ,137,137,137,137,   ,   ,   ,   ,   ,   ,   ,   ,   ,   ,   ,108,108,   ,   ,   ,   ,   ,   
492,   ,   ,   ,   ,   ,   ,   ,   ,   ,   ,   ,   ,   ,   ,   ,   ,   ,   ,   ,   ,   ,   ,   ,   ,   ,   ,   ,   ,   ,   ,   ,   ,   ,   ,   ,   ,150,150,150,150,   ,   ,   ,   ,   ,   ,   ,   ,   ,   ,   ,121,121,   ,   ,   ,   ,   ,   
493,137,   ,   ,   ,   ,   ,   ,   ,   ,   ,   ,   ,   ,   ,   ,   ,   ,   ,   ,   ,   ,   ,   ,   ,   ,   ,   ,   ,   ,   ,   ,   ,   ,   ,   ,72,   ,   ,   ,   ,72,72,72,72,72,72,72,72,   ,   ,   ,   ,   ,   ,   ,   ,   ,   ,   
494,   ,   ,   ,   ,   ,   ,   ,   ,   ,   ,   ,   ,   ,   ,   ,   ,   ,   ,   ,   ,   ,   ,   ,   ,   ,   ,   ,   ,   ,   ,   ,   ,   ,   ,   ,   ,   ,   ,   ,   ,266,266,266,266,266,266,266,266,   ,   ,   ,   ,   ,   ,   ,   ,   ,   ,   
495,   ,   ,   ,   ,   ,   ,   ,   ,   ,   ,   ,   ,   ,   ,   ,   ,   ,   ,   ,   ,   ,   ,   ,   ,   ,   ,   ,   ,   ,   ,   ,   ,   ,   ,   ,   ,   ,287,287,287,   ,   ,   ,   ,   ,   ,   ,   ,72,72,   ,114,114,   ,   ,   ,   ,   ,   
497,   ,   ,   ,   ,   ,   ,   ,   ,   ,   ,   ,   ,   ,   ,   ,   ,   ,   ,   ,   ,   ,   ,   ,   ,   ,   ,   ,   ,   ,   ,   ,   ,   ,   ,   ,   ,   ,   ,287,287,   ,   ,   ,   ,   ,   ,   ,   ,   ,   ,   ,114,114,   ,   ,   ,   ,   ,   
498,   ,   ,   ,   ,   ,   ,   ,   ,   ,   ,   ,   ,   ,   ,   ,   ,   ,   ,   ,   ,   ,   ,   ,   ,   ,   ,   ,   ,   ,   ,   ,   ,   ,   ,   ,   ,   ,   ,   ,287,   ,   ,   ,   ,   ,   ,   ,   ,   ,   ,   ,114,114,   ,   ,   ,   ,   ,   
500,   ,   ,   ,   ,   ,   ,   ,   ,   ,   ,   ,   ,   ,   ,   ,   ,   ,   ,   ,   ,   ,   ,   ,   ,   ,   ,   ,   ,   ,   ,   ,   ,   ,   ,   ,   ,   ,   ,   ,   ,   ,   ,   ,   ,   ,   ,   ,   ,   ,   ,   ,114,114,   ,   ,   ,   ,   ,   
501,   ,   ,   ,   ,   ,   ,   ,   ,   ,   ,   ,   ,   ,   ,   ,   ,   ,   ,   ,   ,   ,   ,   ,   ,   ,   ,   ,   ,   ,   ,   ,   ,   ,   ,   ,   ,   ,   ,   ,   ,   ,266,266,266,266,266,266,266,   ,   ,   ,   ,   ,   ,   ,   ,   ,   ,   
502,   ,   ,   ,   ,   ,   ,   ,   ,   ,   ,   ,   ,   ,   ,   ,   ,   ,   ,   ,   ,   ,   ,   ,   ,   ,   ,   ,   ,   ,   ,   ,   ,   ,   ,   ,   ,   ,   ,   ,   ,   ,   ,74,103,127,151,266,266,   ,   ,   ,   ,   ,   ,   ,   ,   ,   ,   
503,   ,   ,   ,   ,   ,   ,   ,   ,   ,   ,   ,   ,   ,   ,   ,   ,   ,   ,   ,   ,   ,   ,   ,   ,   ,   ,   ,   ,   ,   ,   ,   ,   ,   ,   ,   ,   ,   ,   ,   ,   ,237,   ,   ,72,103,266,266,   ,   ,   ,   ,   ,   ,   ,   ,   ,   ,   
504,   ,   ,   ,   ,   ,   ,   ,   ,   ,   ,   ,   ,   ,   ,   ,   ,   ,   ,   ,   ,   ,   ,   ,   ,   ,   ,   ,   ,   ,   ,   ,   ,   ,   ,   ,   ,   ,   ,   ,   ,   ,222,252,   ,   ,74,266,266,   ,   ,   ,   ,   ,   ,   ,   ,   ,   ,   
505,   ,   ,   ,   ,   ,   ,   ,   ,   ,   ,   ,   ,   ,   ,   ,   ,   ,   ,   ,   ,   ,   ,   ,   ,   ,   ,   ,   ,   ,   ,   ,   ,   ,   ,   ,   ,   ,   ,   ,   ,   ,208,239,254,   ,   ,266,266,   ,   ,   ,   ,   ,   ,   ,   ,   ,   ,   
506,   ,   ,   ,   ,   ,   ,   ,   ,   ,   ,   ,   ,   ,   ,   ,   ,   ,   ,   ,   ,   ,   ,   ,   ,   ,   ,   ,   ,   ,   ,   ,   ,   ,   ,   ,   ,   ,   ,   ,   ,   ,190,224,236,249,   ,266,266,   ,   ,   ,   ,   ,   ,   ,   ,   ,   ,   
507,   ,   ,   ,   ,   ,   ,   ,   ,   ,   ,   ,   ,   ,   ,   ,   ,   ,   ,   ,   ,   ,   ,   ,   ,   ,   ,   ,   ,   ,   ,   ,   ,   ,   ,   ,   ,   ,   ,   ,   ,   ,   ,   ,   ,   ,   ,   ,266,   ,   ,   ,   ,   ,   ,   ,   ,   ,   ,   
509,   ,   ,   ,   ,   ,   ,   ,   ,   ,   ,   ,   ,   ,   ,   ,   ,   ,   ,   ,   ,   ,   ,   ,   ,   ,   ,   ,   ,   ,   ,   ,   ,   ,   ,   ,   ,   ,   ,   ,   ,   ,   ,   ,   ,   ,   ,   ,   ,   ,   ,   ,   ,   ,   ,   ,   ,   ,   ,   
510,   ,   ,   ,   ,   ,   ,   ,   ,   ,   ,   ,   ,   ,   ,   ,   ,   ,   ,   ,   ,   ,   ,   ,   ,   ,   ,   ,   ,   ,   ,   ,   ,   ,   ,   ,   ,   ,   ,   ,   ,   ,   ,   ,   ,   ,   ,   ,   ,   ,332,125,   ,   ,   ,   ,   ,   ,   ,   
511,   ,   ,   ,   ,   ,   ,   ,   ,   ,   ,   ,   ,   ,   ,   ,   ,   ,   ,   ,   ,   ,   ,   ,   ,   ,   ,   ,   ,   ,   ,   ,   ,   ,   ,   ,   ,   ,   ,   ,   ,   ,   ,   ,   ,   ,   ,   ,   ,   ,   ,125,   ,   ,   ,   ,   ,   ,   ,   
512,   ,   ,   ,   ,   ,   ,   ,   ,   ,   ,   ,   ,   ,   ,   ,   ,   ,   ,   ,   ,   ,   ,   ,   ,   ,   ,   ,   ,   ,   ,   ,   ,   ,   ,   ,   ,   ,   ,   ,   ,   ,   ,   ,   ,   ,   ,   ,   ,   ,   ,   ,   ,   ,   ,   ,   ,   ,   ,   
514,   ,   ,   ,   ,   ,   ,   ,   ,   ,   ,   ,   ,   ,   ,   ,   ,   ,   ,   ,   ,   ,   ,   ,   ,   ,   ,   ,   ,   ,   ,   ,   ,   ,   ,   ,   ,   ,   ,   ,   ,   ,   ,   ,   ,   ,   ,   ,   ,   ,   ,   ,   ,245,   ,   ,   ,   ,   ,   
515,   ,   ,   ,   ,   ,   ,   ,   ,   ,   ,   ,   ,   ,   ,   ,   ,   ,   ,   ,   ,   ,   ,   ,   ,   ,   ,   ,   ,   ,   ,   ,   ,   ,   ,   ,   ,   ,   ,   ,   ,   ,   ,   ,   ,   ,   ,   ,   ,   ,   ,   ,   ,   ,   ,   ,   ,   ,   ,   
578,   ,   ,   ,   ,   ,   ,   ,   ,   ,   ,   ,   ,   ,   ,   ,   ,   ,   ,   ,   ,   ,   ,   ,   ,   ,   ,   ,   ,   ,   ,   ,   ,   ,   ,   ,   ,   ,   ,   ,   ,   ,   ,   ,   ,   ,   ,   ,   ,   ,   ,   ,   ,   ,   ,   ,   ,   ,   ,   
579,   ,   ,   ,   ,   ,   ,   ,   ,   ,   ,   ,   ,   ,   ,   ,   ,   ,   ,   ,   ,   ,   ,   ,   ,   ,   ,   ,   ,   ,   ,   ,   ,   ,   ,   ,   ,   ,   ,   ,   ,   ,   ,   ,   ,   ,   ,   ,   ,   ,   ,   ,   ,   ,   ,   ,   ,   ,   ,   
580,   ,   ,   ,   ,   ,   ,   ,   ,   ,   ,   ,   ,   ,   ,   ,   ,   ,   ,   ,   ,   ,   ,   ,   ,   ,   ,   ,   ,   ,   ,   ,   ,   ,   ,   ,   ,   ,   ,   ,   ,   ,   ,   ,   ,   ,   ,   ,   ,   ,   ,   ,   ,   ,   ,   ,   ,   ,   ,   
581,   ,   ,   ,   ,   ,   ,   ,   ,   ,   ,   ,   ,   ,   ,   ,   ,   ,   ,   ,   ,   ,   ,   ,   ,   ,   ,   ,   ,   ,   ,   ,   ,   ,   ,   ,   ,   ,   ,   ,   ,   ,   ,   ,   ,   ,   ,   ,   ,   ,   ,   ,   ,   ,   ,   ,   ,   ,   ,   
584,   ,   ,   ,   ,   ,   ,   ,   ,   ,   ,   ,   ,   ,   ,   ,   ,   ,   ,   ,   ,   ,   ,   ,   ,   ,   ,   ,   ,   ,   ,   ,   ,   ,   ,   ,   ,   ,   ,   ,   ,   ,   ,   ,   ,   ,   ,   ,   ,   ,   ,   ,   ,   ,   ,   ,   ,   ,   ,186
585,   ,   ,   ,   ,   ,   ,   ,   ,   ,   ,   ,   ,   ,   ,   ,   ,   ,   ,   ,   ,   ,   ,   ,   ,   ,   ,   ,   ,   ,   ,   ,   ,   ,   ,   ,   ,   ,   ,   ,   ,   ,   ,   ,   ,   ,   ,   ,   ,   ,   ,   ,   ,   ,   ,   ,   ,   ,   ,   