AxB,387,395,398,400,402,439,464,465,466,467,468,469,470,471,472,473,474,475,476,477,478,479,480,481,482,483,484,486,487,488,489,490,491,492,493,494,495,497,498,500,501,502,503,504,505,506,507,509,510,511,512,513,514,515,578,579,580,581,584,585
387,   ,   ,   ,   ,   ,   ,   ,   ,   ,   ,   ,   ,   ,   ,   ,   ,   ,   ,   ,   ,   ,   ,   ,   ,   ,   ,   ,   ,   ,   ,   ,   ,   ,   ,   ,   ,285,285,285,285,   ,   ,   ,   ,   ,   ,   ,   ,   ,   ,   ,   ,   ,   ,   ,   ,   ,   ,   ,   
395,   ,   ,   ,   ,   ,   ,   ,   ,   ,   ,   ,   ,   ,   ,   ,   ,   ,   ,   ,   ,   ,   ,   ,   ,   ,   ,   ,   ,   ,   ,   ,   ,   ,   ,   ,   ,   ,   ,   ,   ,   ,   ,   ,   ,   ,   ,   ,   ,   ,   ,   ,   ,   ,   ,   ,   ,   ,   ,   ,   
398,   ,   ,   ,   ,   ,   ,   ,   ,   ,   ,   ,   ,   ,   ,   ,   ,   ,   ,   ,   ,   ,   ,   ,   ,   ,   ,   ,   ,   ,   ,   ,   ,   ,   ,   ,   ,   ,   ,   ,   ,   ,   ,   ,   ,   ,   ,   ,   ,   ,   ,   ,   ,   ,   ,   ,   ,   ,   ,   ,   
400,   ,   ,   ,   ,   ,   ,   ,   ,   ,   ,   ,   ,   ,   ,   ,   ,   ,   ,   ,   ,   ,   ,   ,   ,   ,   ,   ,   ,   ,   ,   ,   ,   ,   ,   ,   ,   ,   ,   ,   ,   ,   ,   ,   ,   ,   ,   ,   ,   ,   ,   ,   ,   ,   ,187,187,187,187,   ,   
402,   ,   ,   ,224,   ,   ,   ,   ,   ,   ,   ,   ,   ,   ,   ,   ,   ,   ,   ,   ,   ,   ,   ,   ,   ,   ,   ,   ,   ,   ,   ,   ,   ,   ,   ,   ,   ,   ,   ,   ,   ,   ,   ,   ,   ,   ,   ,   ,   ,   ,   ,   ,   ,   ,187,187,187,187,   ,   
439,103,   ,   ,104,104,   ,   ,   ,   ,   ,   ,   ,   ,   ,   ,   ,   ,   ,   ,   ,   ,   ,   ,   ,   ,   ,   ,104,104,   ,   ,   ,   ,   ,   ,111,   ,   ,   ,   ,   ,   ,   ,   ,   ,   ,   ,   ,   ,   ,   ,   ,   ,   ,   ,   ,   ,   ,   ,   
464,   ,   ,   ,104,104,   ,   ,351,351,351,351,351,351,351,351,337,337,337,337,337,337,337,337,337,337,337,337,115,115,   ,   ,   ,108,121,   ,   ,126,126,126,126,   ,   ,   ,   ,   ,   ,   ,   ,   ,   ,   ,   ,339,339,   ,   ,   ,   ,   ,   
465,   ,   ,   ,104,104,   ,   ,   ,351,351,351,351,351,351,351,337,337,337,337,337,337,337,337,337,337,337,337,115,115,   ,   ,   ,108,121,   ,   ,126,126,126,126,   ,   ,   ,   ,   ,   ,   ,   ,   ,   ,   ,   ,339,339,   ,   ,   ,   ,   ,   
466,   ,   ,   ,104,104,   ,   ,   ,   ,340,345,348,351,351,351,337,337,337,337,337,337,337,337,337,337,337,337,115,115,   ,   ,   ,108,121,   ,   ,126,126,126,126,   ,   ,   ,   ,   ,   ,   ,   ,   ,   ,   ,   ,339,339,   ,   ,   ,   ,   ,   
467,   ,   ,   ,104,104,   ,   ,   ,   ,   ,   ,140,246,351,351,337,337,337,337,337,337,337,337,337,337,337,337,115,115,   ,   ,   ,108,121,   ,   ,126,126,126,126,   ,   ,   ,   ,   ,   ,   ,   ,   ,   ,   ,   ,339,339,   ,   ,   ,   ,   ,   
468,   ,   ,   ,104,104,   ,   ,   ,   ,   ,   ,   ,227,351,351,337,337,337,337,337,337,337,337,337,337,337,337,115,115,   ,   ,   ,108,121,   ,   ,126,126,126,126,   ,   ,   ,   ,   ,   ,   ,   ,   ,   ,   ,   ,339,339,   ,   ,   ,   ,   ,   
469,   ,   ,   ,104,104,   ,   ,   ,   ,   ,   ,   ,195,351,351,337,337,337,337,337,337,337,337,337,337,337,337,115,115,   ,   ,   ,108,121,   ,   ,126,126,126,126,   ,   ,   ,   ,   ,   ,   ,   ,   ,   ,   ,   ,339,339,   ,   ,   ,   ,   ,   
470,   ,   ,   ,104,104,   ,   ,   ,   ,   ,   ,   ,   ,351,351,337,337,337,337,337,337,337,337,337,337,337,337,115,115,   ,   ,   ,108,121,   ,   ,126,126,126,126,   ,   ,   ,   ,   ,   ,   ,   ,   ,   ,   ,   ,339,339,   ,   ,   ,   ,   ,   
471,   ,   ,   ,104,104,   ,   ,   ,   ,   ,   ,   ,   ,   ,351,337,337,337,337,337,337,337,337,337,337,337,337,115,115,   ,   ,   ,108,121,   ,   ,126,126,126,126,   ,   ,   ,   ,   ,   ,   ,   ,   ,   ,   ,   ,339,339,   ,   ,   ,   ,   ,   
472,   ,   ,   ,104,104,   ,   ,   ,   ,   ,   ,   ,   ,   ,   ,337,337,337,337,337,337,337,337,337,337,337,337,115,115,   ,   ,   ,108,121,   ,   ,126,126,126,126,   ,   ,   ,   ,   ,   ,   ,   ,   ,   ,   ,   ,339,339,   ,   ,   ,   ,   ,   
473,   ,   ,   ,103,103,   ,   ,   ,   ,   ,   ,   ,   ,   ,   ,   ,337,337,337,337,337,337,337,337,337,337,337,112,112,   ,   ,   ,105,118,   ,   ,123,123,123,123,   ,   ,   ,   ,   ,   ,   ,   ,   ,   ,   ,   ,325,325,   ,   ,   ,   ,   ,   
474,   ,   ,   ,103,103,   ,   ,   ,   ,   ,   ,   ,   ,   ,   ,   ,   ,337,337,337,337,337,337,337,337,337,337,112,112,   ,   ,   ,105,118,   ,   ,123,123,123,123,   ,   ,   ,   ,   ,   ,   ,   ,   ,   ,   ,   ,325,325,   ,   ,   ,   ,   ,   
475,   ,   ,   ,103,103,   ,   ,   ,   ,   ,   ,   ,   ,   ,   ,   ,   ,   ,324,330,335,337,337,337,337,337,337,112,112,   ,   ,   ,105,118,   ,   ,123,123,123,123,   ,   ,   ,   ,   ,   ,   ,   ,   ,   ,   ,   ,325,325,   ,   ,   ,   ,   ,   
476,   ,   ,   ,103,103,   ,   ,   ,   ,   ,   ,   ,   ,   ,   ,   ,   ,   ,   ,186,228,267,337,337,337,337,337,112,112,   ,   ,   ,105,118,   ,   ,123,123,123,123,   ,   ,   ,   ,   ,   ,   ,   ,   ,   ,   ,   ,325,325,   ,   ,   ,   ,   ,   
477,   ,   ,   ,103,103,   ,   ,   ,   ,   ,   ,   ,   ,   ,   ,   ,   ,   ,   ,   ,163,222,337,337,337,337,337,112,112,   ,   ,   ,105,118,   ,   ,123,123,123,123,   ,   ,   ,   ,   ,   ,   ,   ,   ,   ,   ,   ,325,325,   ,   ,   ,   ,   ,   
478,   ,   ,   ,103,103,   ,   ,   ,   ,   ,   ,   ,   ,   ,   ,   ,   ,   ,   ,   ,   ,186,337,337,337,337,337,112,112,   ,   ,   ,105,118,   ,   ,123,123,123,123,   ,   ,   ,   ,   ,   ,   ,   ,   ,   ,   ,   ,325,325,   ,   ,   ,   ,   ,   
479,   ,   ,   ,103,103,   ,   ,   ,   ,   ,   ,   ,   ,   ,   ,   ,   ,   ,   ,   ,   ,   ,337,337,337,337,337,112,112,   ,   ,   ,105,118,   ,   ,123,123,123,123,   ,   ,   ,   ,   ,   ,   ,   ,   ,   ,   ,   ,325,325,   ,   ,   ,   ,   ,   
480,   ,   ,   ,103,103,   ,   ,   ,   ,   ,   ,   ,   ,   ,   ,   ,   ,   ,   ,   ,   ,   ,   ,337,337,337,337,112,112,   ,   ,   ,105,118,   ,   ,123,123,123,123,   ,   ,   ,   ,   ,   ,   ,   ,   ,   ,   ,   ,325,325,   ,   ,   ,   ,   ,   
481,   ,   ,   ,103,103,   ,   ,   ,   ,   ,   ,   ,   ,   ,   ,   ,   ,   ,   ,   ,   ,   ,   ,   ,337,337,337,112,112,   ,   ,   ,105,118,   ,   ,123,123,123,123,   ,   ,   ,   ,   ,   ,   ,   ,   ,   ,   ,   ,325,325,   ,   ,   ,   ,   ,   
482,   ,   ,   ,103,103,   ,   ,   ,   ,   ,   ,   ,   ,   ,   ,   ,   ,   ,   ,   ,   ,   ,   ,   ,   ,337,337,112,112,   ,   ,   ,105,118,   ,   ,123,123,123,123,   ,   ,   ,   ,   ,   ,   ,   ,   ,   ,   ,   ,325,325,   ,   ,   ,   ,   ,   
483,   ,   ,   ,103,103,   ,   ,   ,   ,   ,   ,   ,   ,   ,   ,   ,   ,   ,   ,   ,   ,   ,   ,   ,   ,   ,268,112,112,   ,   ,   ,105,118,   ,   ,123,123,123,123,   ,   ,   ,   ,   ,   ,   ,   ,   ,   ,   ,   ,325,325,   ,   ,   ,   ,   ,   
484,   ,   ,   ,103,103,   ,   ,   ,   ,   ,   ,   ,   ,   ,   ,   ,   ,   ,   ,   ,   ,   ,   ,   ,   ,   ,   ,112,112,   ,   ,   ,105,118,   ,   ,123,123,123,123,   ,   ,   ,   ,   ,   ,   ,   ,   ,   ,   ,   ,325,325,   ,   ,   ,   ,   ,   
486,   ,148,148,462,462,   ,   ,   ,   ,   ,   ,   ,   ,   ,   ,   ,   ,   ,   ,   ,   ,   ,   ,   ,   ,   ,   ,   ,143,   ,   ,   ,   ,   ,   ,   ,   ,   ,   ,   ,   ,   ,   ,   ,   ,   ,   ,   ,   ,   ,   ,   ,103,103,187,187,187,187,   ,   
487,   ,148,148,462,462,   ,   ,   ,   ,   ,   ,   ,   ,   ,   ,   ,   ,   ,   ,   ,   ,   ,   ,   ,   ,   ,   ,197,   ,   ,   ,   ,   ,   ,   ,   ,   ,   ,   ,   ,   ,   ,   ,   ,   ,   ,   ,   ,   ,   ,   ,   ,103,103,187,187,187,187,   ,   
488,   ,148,148,148,148,   ,   ,   ,   ,   ,   ,   ,   ,   ,   ,   ,   ,   ,   ,   ,   ,   ,   ,   ,   ,   ,   ,   ,   ,   ,   ,   ,   ,   ,   ,   ,   ,   ,   ,   ,   ,   ,   ,   ,   ,   ,   ,   ,   ,   ,   ,   ,   ,   ,   ,   ,   ,   ,   ,   
489,   ,148,148,148,148,   ,   ,   ,   ,   ,   ,   ,   ,   ,   ,   ,   ,   ,   ,   ,   ,   ,   ,   ,   ,   ,   ,   ,   ,   ,   ,   ,   ,   ,   ,   ,   ,   ,   ,   ,   ,   ,   ,   ,   ,   ,   ,   ,   ,   ,   ,   ,   ,   ,   ,   ,   ,   ,   ,   
490,   ,   ,   ,   ,   ,   ,   ,   ,   ,   ,   ,   ,   ,   ,   ,   ,   ,   ,   ,   ,   ,   ,   ,   ,   ,   ,   ,   ,   ,   ,   ,   ,   ,   ,   ,   ,   ,   ,   ,   ,   ,   ,   ,   ,   ,   ,   ,   ,305,305,305,480,   ,   ,   ,   ,   ,   ,   ,   
491,284,   ,   ,   ,   ,   ,   ,   ,   ,   ,   ,   ,   ,   ,   ,   ,   ,   ,   ,   ,   ,   ,   ,   ,   ,   ,   ,   ,   ,   ,   ,   ,   ,686,281,   ,652,652,652,650,   ,   ,   ,   ,   ,   ,   ,   ,   ,   ,   ,   ,108,108,   ,   ,   ,   ,   ,   
492,285,   ,   ,   ,   ,   ,   ,   ,   ,   ,   ,   ,   ,   ,   ,   ,   ,   ,   ,   ,   ,   ,   ,   ,   ,   ,   ,   ,   ,   ,   ,   ,   ,   ,281,   ,665,665,665,663,   ,   ,   ,   ,   ,   ,   ,   ,   ,   ,   ,   ,121,121,   ,   ,   ,   ,   ,   
493,744,   ,   ,   ,   ,   ,   ,   ,   ,   ,   ,   ,   ,   ,   ,   ,   ,   ,   ,   ,   ,   ,   ,   ,   ,   ,   ,   ,   ,   ,   ,   ,   ,   ,   ,   ,281,281,281,281,   ,   ,   ,   ,   ,   ,   ,   ,   ,   ,   ,   ,   ,   ,   ,   ,   ,   ,   ,   
494,   ,   ,   ,   ,   ,   ,   ,   ,   ,   ,   ,   ,   ,   ,   ,   ,   ,   ,   ,   ,   ,   ,   ,   ,   ,   ,   ,   ,   ,   ,   ,   ,   ,   ,   ,   ,   ,   ,   ,   ,1197,1197,1197,1197,1197,1197,1197,1197,   ,   ,   ,   ,   ,   ,   ,   ,   ,   ,   ,   
495,   ,   ,   ,   ,   ,   ,   ,   ,   ,   ,   ,   ,   ,   ,   ,   ,   ,   ,   ,   ,   ,   ,   ,   ,   ,   ,   ,   ,   ,   ,   ,   ,   ,   ,   ,   ,   ,1218,1218,1218,   ,   ,   ,   ,   ,   ,   ,   ,   ,   ,   ,   ,114,114,   ,   ,   ,   ,   ,   
497,   ,   ,   ,   ,   ,   ,   ,   ,   ,   ,   ,   ,   ,   ,   ,   ,   ,   ,   ,   ,   ,   ,   ,   ,   ,   ,   ,   ,   ,   ,   ,   ,   ,   ,   ,   ,   ,   ,1218,1218,   ,   ,   ,   ,   ,   ,   ,   ,   ,   ,   ,   ,114,114,   ,   ,   ,   ,   ,   
498,   ,   ,   ,   ,   ,   ,   ,   ,   ,   ,   ,   ,   ,   ,   ,   ,   ,   ,   ,   ,   ,   ,   ,   ,   ,   ,   ,   ,   ,   ,   ,   ,   ,   ,   ,   ,   ,   ,   ,1218,   ,   ,   ,   ,   ,   ,   ,   ,   ,   ,   ,   ,114,114,   ,   ,   ,   ,   ,   
500,   ,   ,   ,   ,   ,   ,   ,   ,   ,   ,   ,   ,   ,   ,   ,   ,   ,   ,   ,   ,   ,   ,   ,   ,   ,   ,   ,   ,   ,   ,   ,   ,   ,   ,   ,   ,   ,   ,   ,   ,   ,   ,   ,   ,   ,   ,   ,   ,   ,   ,   ,   ,114,114,   ,   ,   ,   ,   ,   
501,   ,   ,   ,   ,   ,   ,   ,   ,   ,   ,   ,   ,   ,   ,   ,   ,   ,   ,   ,   ,   ,   ,   ,   ,   ,   ,   ,   ,   ,   ,   ,   ,   ,   ,   ,   ,   ,   ,   ,   ,   ,1195,1195,1195,1195,1195,1195,1195,   ,   ,   ,   ,   ,   ,   ,   ,   ,   ,   ,   
502,   ,   ,   ,   ,   ,   ,   ,   ,   ,   ,   ,   ,   ,   ,   ,   ,   ,   ,   ,   ,   ,   ,   ,   ,   ,   ,   ,   ,   ,   ,   ,   ,   ,   ,   ,   ,   ,   ,   ,   ,   ,   ,821,1004,1069,1179,1195,1195,   ,   ,   ,   ,   ,   ,   ,   ,   ,   ,   ,   
503,   ,   ,   ,   ,   ,   ,   ,   ,   ,   ,   ,   ,   ,   ,   ,   ,   ,   ,   ,   ,   ,   ,   ,   ,   ,   ,   ,   ,   ,   ,   ,   ,   ,   ,   ,   ,   ,   ,   ,   ,   ,1902,   ,371,606,804,1195,1195,   ,   ,   ,   ,   ,   ,   ,   ,   ,   ,   ,   
504,   ,   ,   ,   ,   ,   ,   ,   ,   ,   ,   ,   ,   ,   ,   ,   ,   ,   ,   ,   ,   ,   ,   ,   ,   ,   ,   ,   ,   ,   ,   ,   ,   ,   ,   ,   ,   ,   ,   ,   ,   ,1741,1952,   ,293,580,1195,1195,   ,   ,   ,   ,   ,   ,   ,   ,   ,   ,   ,   
505,   ,   ,   ,   ,   ,   ,   ,   ,   ,   ,   ,   ,   ,   ,   ,   ,   ,   ,   ,   ,   ,   ,   ,   ,   ,   ,   ,   ,   ,   ,   ,   ,   ,   ,   ,   ,   ,   ,   ,   ,   ,1642,1851,2021,   ,359,1195,1195,   ,   ,   ,   ,   ,   ,   ,   ,   ,   ,   ,   
506,   ,   ,   ,   ,   ,   ,   ,   ,   ,   ,   ,   ,   ,   ,   ,   ,   ,   ,   ,   ,   ,   ,   ,   ,   ,   ,   ,   ,   ,   ,   ,   ,   ,   ,   ,   ,   ,   ,   ,   ,   ,1497,1714,1824,1926,   ,1195,1195,   ,   ,   ,   ,   ,   ,   ,   ,   ,   ,   ,   
507,   ,   ,   ,   ,   ,   ,   ,   ,   ,   ,   ,   ,   ,   ,   ,   ,   ,   ,   ,   ,   ,   ,   ,   ,   ,   ,   ,   ,   ,   ,   ,   ,   ,   ,   ,   ,   ,   ,   ,   ,   ,   ,   ,   ,   ,   ,   ,1195,   ,   ,   ,   ,   ,   ,   ,   ,   ,   ,   ,   
509,   ,   ,   ,   ,   ,   ,   ,   ,   ,   ,   ,   ,   ,   ,   ,   ,   ,   ,   ,   ,   ,   ,   ,   ,   ,   ,   ,   ,   ,   ,   ,   ,   ,   ,   ,   ,   ,   ,   ,   ,   ,   ,   ,   ,   ,   ,   ,   ,   ,   ,   ,   ,   ,   ,   ,   ,   ,   ,   ,   
510,   ,   ,   ,   ,   ,   ,   ,   ,   ,   ,   ,   ,   ,   ,   ,   ,   ,   ,   ,   ,   ,   ,   ,   ,   ,   ,   ,   ,   ,   ,   ,   ,   ,   ,   ,   ,   ,   ,   ,   ,   ,   ,   ,   ,   ,   ,   ,   ,   ,972,411,   ,   ,   ,   ,   ,   ,   ,   ,   
511,   ,   ,   ,   ,   ,   ,   ,   ,   ,   ,   ,   ,   ,   ,   ,   ,   ,   ,   ,   ,   ,   ,   ,   ,   ,   ,   ,   ,   ,   ,   ,   ,   ,   ,   ,   ,   ,   ,   ,   ,   ,   ,   ,   ,   ,   ,   ,   ,   ,   ,411,   ,   ,   ,   ,   ,   ,   ,   ,   
512,   ,   ,   ,   ,   ,   ,   ,   ,   ,   ,   ,   ,   ,   ,   ,   ,   ,   ,   ,   ,   ,   ,   ,   ,   ,   ,   ,   ,   ,   ,   ,   ,   ,   ,   ,   ,   ,   ,   ,   ,   ,   ,   ,   ,   ,   ,   ,   ,   ,   ,   ,   ,   ,   ,   ,   ,   ,   ,   ,   
513,   ,   ,   ,   ,   ,   ,   ,   ,   ,   ,   ,   ,   ,   ,   ,   ,   ,   ,   ,   ,   ,   ,   ,   ,   ,   ,   ,   ,   ,   ,   ,   ,   ,   ,   ,   ,   ,   ,   ,   ,   ,   ,   ,   ,   ,   ,   ,   ,   ,   ,   ,   ,   ,   ,   ,   ,   ,   ,   ,   
514,   ,   ,   ,   ,   ,   ,   ,   ,   ,   ,   ,   ,   ,   ,   ,   ,   ,   ,   ,   ,   ,   ,   ,   ,   ,   ,   ,   ,   ,   ,   ,   ,   ,   ,   ,   ,   ,   ,   ,   ,   ,   ,   ,   ,   ,   ,   ,   ,   ,   ,   ,   ,   ,245,   ,   ,   ,   ,   ,   
515,   ,   ,   ,   ,   ,   ,   ,   ,   ,   ,   ,   ,   ,   ,   ,   ,   ,   ,   ,   ,   ,   ,   ,   ,   ,   ,   ,   ,   ,   ,   ,   ,   ,   ,   ,   ,   ,   ,   ,   ,   ,   ,   ,   ,   ,   ,   ,   ,   ,   ,   ,   ,   ,   ,   ,   ,   ,   ,   ,   
578,   ,   ,   ,   ,   ,   ,   ,   ,   ,   ,   ,   ,   ,   ,   ,   ,   ,   ,   ,   ,   ,   ,   ,   ,   ,   ,   ,   ,   ,   ,   ,   ,   ,   ,   ,   ,   ,   ,   ,   ,   ,   ,   ,   ,   ,   ,   ,   ,   ,   ,   ,   ,   ,   ,   ,   ,106,160,   ,   
579,   ,   ,   ,   ,   ,   ,   ,   ,   ,   ,   ,   ,   ,   ,   ,   ,   ,   ,   ,   ,   ,   ,   ,   ,   ,   ,   ,   ,   ,   ,   ,   ,   ,   ,   ,   ,   ,   ,   ,   ,   ,   ,   ,   ,   ,   ,   ,   ,   ,   ,   ,   ,   ,   ,180,   ,   ,120,   ,   
580,   ,   ,   ,   ,   ,   ,   ,   ,   ,   ,   ,   ,   ,   ,   ,   ,   ,   ,   ,   ,   ,   ,   ,   ,   ,   ,   ,   ,   ,   ,   ,   ,   ,   ,   ,   ,   ,   ,   ,   ,   ,   ,   ,   ,   ,   ,   ,   ,   ,   ,   ,   ,   ,   ,137,157,   ,   ,   ,   
581,   ,   ,   ,   ,   ,   ,   ,   ,   ,   ,   ,   ,   ,   ,   ,   ,   ,   ,   ,   ,   ,   ,   ,   ,   ,   ,   ,   ,   ,   ,   ,   ,   ,   ,   ,   ,   ,   ,   ,   ,   ,   ,   ,   ,   ,   ,   ,   ,   ,   ,   ,   ,   ,   ,114,139,165,   ,   ,   
584,   ,   ,   ,   ,   ,   ,   ,   ,   ,   ,   ,   ,   ,   ,   ,   ,   ,   ,   ,   ,   ,   ,   ,   ,   ,   ,   ,   ,   ,   ,   ,   ,   ,   ,   ,   ,   ,   ,   ,   ,   ,   ,   ,   ,   ,   ,   ,   ,   ,   ,   ,   ,   ,   ,   ,   ,   ,   ,   ,908
585,   ,   ,   ,   ,   ,   ,   ,   ,   ,   ,   ,   ,   ,   ,   ,   ,   ,   ,   ,   ,   ,   ,   ,   ,   ,   ,   ,   ,   ,   ,   ,   ,   ,   ,   ,   ,   ,   ,   ,   ,   ,   ,   ,   ,   ,   ,   ,   ,   ,   ,   ,   ,   ,   ,   ,   ,   ,   ,   ,   